{"cameraMode":{"drawMode":0,"name":"Shaded","section":"Shading Mode"},"sceneLighting":false,"audioPlay":false,"sceneViewState":{"showFog":true,"showMaterialUpdate":true,"showSkybox":false,"showFlares":true,"showImageEffects":true,"showParticleSystems":true},"in2DMode":false,"pivot":{"x":-231.66006469726563,"y":13.620582580566407,"z":-640.1641845703125},"rotation":{"x":0.23179002106189729,"y":-0.3957423269748688,"z":0.1038905531167984,"w":0.8825861215591431},"size":45.14521408081055,"orthographic":false}