{"cameraMode":{"drawMode":0,"name":"Shaded","section":"Shading Mode"},"sceneLighting":false,"audioPlay":false,"sceneViewState":{"showFog":true,"showMaterialUpdate":true,"showSkybox":false,"showFlares":true,"showImageEffects":true,"showParticleSystems":true},"in2DMode":false,"pivot":{"x":116.85557556152344,"y":183.68759155273438,"z":123.02230834960938},"rotation":{"x":0.49790918827056887,"y":-0.12021315097808838,"z":0.06989558786153794,"w":0.8560414910316467},"size":2.8578836917877199,"orthographic":false}