{"cameraMode":{"drawMode":0,"name":"Shaded","section":"Shading Mode"},"sceneLighting":true,"audioPlay":false,"sceneViewState":{"showFog":true,"showMaterialUpdate":true,"showSkybox":true,"showFlares":true,"showImageEffects":true,"showParticleSystems":true},"in2DMode":false,"pivot":{"x":156.3404541015625,"y":-27.60854721069336,"z":-621.5733032226563},"rotation":{"x":0.08695957809686661,"y":0.590523898601532,"z":-0.06422030180692673,"w":0.7998067736625671},"size":659.0556030273438,"orthographic":false}