{"cameraMode":{"drawMode":0,"name":"Shaded","section":"Shading Mode"},"sceneLighting":true,"audioPlay":false,"sceneViewState":{"showFog":true,"showMaterialUpdate":true,"showSkybox":true,"showFlares":true,"showImageEffects":true,"showParticleSystems":true},"in2DMode":false,"pivot":{"x":-65.88214874267578,"y":86.28620910644531,"z":-667.7205200195313},"rotation":{"x":0.34174448251724245,"y":0.43430131673812868,"z":-0.18248289823532105,"w":0.8132438063621521},"size":-8.238228797912598,"orthographic":false}