{"cameraMode":{"drawMode":0,"name":"Shaded","section":"Shading Mode"},"sceneLighting":false,"audioPlay":false,"sceneViewState":{"showFog":true,"showMaterialUpdate":true,"showSkybox":false,"showFlares":true,"showImageEffects":true,"showParticleSystems":true},"in2DMode":false,"pivot":{"x":-242.54100036621095,"y":12.151893615722657,"z":-596.7945556640625},"rotation":{"x":0.498889297246933,"y":0.005182368215173483,"z":-0.003015791764482856,"w":0.8666826486587524},"size":150.88636779785157,"orthographic":false}